"Address","Content Type","Status Code","Status","Indexability","Indexability Status","Title 1","Title 1 Length","Title 1 Pixel Width","Meta Description 1","Meta Description 1 Length","Meta Description 1 Pixel Width","Meta Keywords 1","Meta Keywords 1 Length","H1-1","H1-1 Length","H1-2","H1-2 Length","H2-1","H2-1 Length","H2-2","H2-2 Length","Meta Robots 1","X-Robots-Tag 1","Meta Refresh 1","Canonical Link Element 1","rel=""next"" 1","rel=""prev"" 1","HTTP rel=""next"" 1","HTTP rel=""prev"" 1","amphtml Link Element","Size (bytes)","Transferred (bytes)","Total Transferred (bytes)","CO2 (mg)","Carbon Rating","Word Count","Sentence Count","Average Words Per Sentence","Flesch Reading Ease Score","Readability","Text Ratio","Crawl Depth","Folder Depth","Link Score","Inlinks","Unique Inlinks","Unique JS Inlinks","% of Total","Outlinks","Unique Outlinks","Unique JS Outlinks","External Outlinks","Unique External Outlinks","Unique External JS Outlinks","Closest Near Duplicate Match","No. Near Duplicates","Spelling Errors","Grammar Errors","Hash","Response Time","Last Modified","Redirect URL","Redirect Type","Cookies","Language","HTTP Version","Mobile Alternate Link","Closest Semantically Similar Address","Semantic Similarity Score","No. Semantically Similar","Semantic Relevance Score","URL Encoded Address","Crawl Timestamp"
"https://liftout.com/","text/html; charset=UTF-8","200","OK","Indexable","","Liftout - Find Jobs With Coworkers And Get Hired Together","57","523","Liftout is the direct hiring platform where teams showcase their skills and experience as a unified group for companies to discover and hire them all at once.","158","955","","0","What is Liftout?","16","Your Questions Answered","23","liftout is simple","17","Advance Together, Achieve More","30","follow, index, max-snippet:-1, max-video-preview:-1, max-image-preview:large","","","https://liftout.com/","","","","","","111757","25121","25121","9.623","","1298","232","5.595","65.327","Normal","7.924","0","0","","71","26","0","100.000","17","12","0","3","3","0","","","","","6465e631a78024c60aee05b614dd32d1","0.330","","","","","en-US","1.1","","","","","","https://liftout.com/","2025-11-28 11:24:29"
"https://liftout.com/wp-content/plugins/breakdance/subplugins/breakdance-elements/dependencies-files/popups@1/popups.css?bd_ver=2.0.0","text/css","200","OK","Indexable","","","0","0","","0","0","","0","","0","","0","","0","","0","","","","","","","","","","0","0","0","0.000","","0","","","","","0.000","1","7","","0","0","0","0.000","0","0","0","0","0","0","","","","","","0.010","Wed, 24 Jul 2024 18:50:31 GMT","","","","","1.1","","","","","","https://liftout.com/wp-content/plugins/breakdance/subplugins/breakdance-elements/dependencies-files/popups@1/popups.css?bd_ver=2.0.0","2025-11-28 11:24:30"
"https://liftout.com/wp-content/uploads/breakdance/css/post-7.css?v=6baa64a57abeb29a494d7c04ad781309","text/css","200","OK","Indexable","","","0","0","","0","0","","0","","0","","0","","0","","0","","","","","","","","","","0","0","0","0.000","","0","","","","","0.000","1","4","","0","0","0","0.000","0","0","0","0","0","0","","","","","","0.128","Sun, 26 Jan 2025 21:16:02 GMT","","","","","1.1","","","","","","https://liftout.com/wp-content/uploads/breakdance/css/post-7.css?v=6baa64a57abeb29a494d7c04ad781309","2025-11-28 11:24:30"
"https://liftout.com/wp-content/uploads/breakdance/css/post-4262.css?v=06165d225d6e93eaedbebe3df0294787","text/css","200","OK","Indexable","","","0","0","","0","0","","0","","0","","0","","0","","0","","","","","","","","","","0","0","0","0.000","","0","","","","","0.000","1","4","","0","0","0","0.000","0","0","0","0","0","0","","","","","","0.128","Sun, 26 Jan 2025 21:25:49 GMT","","","","","1.1","","","","","","https://liftout.com/wp-content/uploads/breakdance/css/post-4262.css?v=06165d225d6e93eaedbebe3df0294787","2025-11-28 11:24:30"
"https://liftout.com/wp-content/uploads/2023/11/LiftOut-Black-Logo.png","image/png","200","OK","Indexable","","","0","0","","0","0","","0","","0","","0","","0","","0","","","","","","","","","","443815","443815","443815","170.017","","0","","","","","0.000","1","4","","0","0","0","0.000","0","0","0","0","0","0","","","","","","0.137","Fri, 24 Nov 2023 17:28:59 GMT","","","","","1.1","","","","","","https://liftout.com/wp-content/uploads/2023/11/LiftOut-Black-Logo.png","2025-11-28 11:24:30"
"https://liftout.com/wp-includes/js/jquery/jquery-migrate.min.js?ver=3.4.1","application/javascript","200","OK","Indexable","","","0","0","","0","0","","0","","0","","0","","0","","0","","","","","","","","","","0","0","0","0.000","","0","","","","","0.000","1","3","","0","0","0","0.000","0","0","0","0","0","0","","","","","","0.123","Thu, 10 Aug 2023 08:29:16 GMT","","","","","1.1","","","","","","https://liftout.com/wp-includes/js/jquery/jquery-migrate.min.js?ver=3.4.1","2025-11-28 11:24:30"
"https://liftout.com/wp-content/uploads/breakdance/css/post-3580.css?v=cca50025634fff61991b2c3fb8c0fcef","text/css","200","OK","Indexable","","","0","0","","0","0","","0","","0","","0","","0","","0","","","","","","","","","","0","0","0","0.000","","0","","","","","0.000","1","4","","0","0","0","0.000","0","0","0","0","0","0","","","","","","0.044","Fri, 10 Nov 2023 01:34:30 GMT","","","","","1.1","","","","","","https://liftout.com/wp-content/uploads/breakdance/css/post-3580.css?v=cca50025634fff61991b2c3fb8c0fcef","2025-11-28 11:24:30"
"https://liftout.com/wp-content/plugins/breakdance/subplugins/breakdance-elements/elements/Header_Builder/header-builder.js?bd_ver=2.0.0","application/javascript","200","OK","Indexable","","","0","0","","0","0","","0","","0","","0","","0","","0","","","","","","","","","","0","0","0","0.000","","0","","","","","0.000","1","7","","0","0","0","0.000","0","0","0","0","0","0","","","","","","0.043","Wed, 24 Jul 2024 18:50:30 GMT","","","","","1.1","","","","","","https://liftout.com/wp-content/plugins/breakdance/subplugins/breakdance-elements/elements/Header_Builder/header-builder.js?bd_ver=2.0.0","2025-11-28 11:24:30"
"https://liftout.com/wp-includes/css/dist/block-library/style.min.css?ver=6.8.3","text/css","200","OK","Indexable","","","0","0","","0","0","","0","","0","","0","","0","","0","","","","","","","","","","0","0","0","0.000","","0","","","","","0.000","1","4","","0","0","0","0.000","0","0","0","0","0","0","","","","","","0.051","Tue, 15 Jul 2025 17:39:12 GMT","","","","","1.1","","","","","","https://liftout.com/wp-includes/css/dist/block-library/style.min.css?ver=6.8.3","2025-11-28 11:24:30"
"https://liftout.com/wp-content/uploads/breakdance/css/post-4207.css?v=6a5311b079f4a59889cc45da96727815","text/css","200","OK","Indexable","","","0","0","","0","0","","0","","0","","0","","0","","0","","","","","","","","","","0","0","0","0.000","","0","","","","","0.000","1","4","","0","0","0","0.000","0","0","0","0","0","0","","","","","","0.040","Fri, 10 Nov 2023 01:34:30 GMT","","","","","1.1","","","","","","https://liftout.com/wp-content/uploads/breakdance/css/post-4207.css?v=6a5311b079f4a59889cc45da96727815","2025-11-28 11:24:31"
"https://liftout.com/wp-content/uploads/breakdance/css/post-3580-defaults.css?v=04c49344445435dc4a1b3e8547581a30","text/css","200","OK","Indexable","","","0","0","","0","0","","0","","0","","0","","0","","0","","","","","","","","","","0","0","0","0.000","","0","","","","","0.000","1","4","","0","0","0","0.000","0","0","0","0","0","0","","","","","","0.039","Fri, 10 Nov 2023 01:34:30 GMT","","","","","1.1","","","","","","https://liftout.com/wp-content/uploads/breakdance/css/post-3580-defaults.css?v=04c49344445435dc4a1b3e8547581a30","2025-11-28 11:24:31"
"https://liftout.com/wp-content/uploads/breakdance/css/presets.css?v=d41d8cd98f00b204e9800998ecf8427e","text/css","200","OK","Indexable","","","0","0","","0","0","","0","","0","","0","","0","","0","","","","","","","","","","0","0","0","0.000","","0","","","","","0.000","1","4","","0","0","0","0.000","0","0","0","0","0","0","","","","","","0.038","Mon, 27 Jan 2025 01:38:29 GMT","","","","","1.1","","","","","","https://liftout.com/wp-content/uploads/breakdance/css/presets.css?v=d41d8cd98f00b204e9800998ecf8427e","2025-11-28 11:24:31"
"https://liftout.com/wp-includes/js/jquery/jquery.min.js?ver=3.7.1","application/javascript","200","OK","Indexable","","","0","0","","0","0","","0","","0","","0","","0","","0","","","","","","","","","","0","0","0","0.000","","0","","","","","0.000","1","3","","0","0","0","0.000","0","0","0","0","0","0","","","","","","0.053","Wed, 08 Nov 2023 23:57:20 GMT","","","","","1.1","","","","","","https://liftout.com/wp-includes/js/jquery/jquery.min.js?ver=3.7.1","2025-11-28 11:24:31"
"https://liftout.com/wp-content/uploads/breakdance/css/post-3653-defaults.css?v=0ef5239bfac79d50128c96aeaa5f2101","text/css","200","OK","Indexable","","","0","0","","0","0","","0","","0","","0","","0","","0","","","","","","","","","","0","0","0","0.000","","0","","","","","0.000","1","4","","0","0","0","0.000","0","0","0","0","0","0","","","","","","0.033","Sat, 25 Nov 2023 23:48:02 GMT","","","","","1.1","","","","","","https://liftout.com/wp-content/uploads/breakdance/css/post-3653-defaults.css?v=0ef5239bfac79d50128c96aeaa5f2101","2025-11-28 11:24:31"
"https://liftout.com/how-lift-outs-work/","text/html; charset=UTF-8","200","OK","Indexable","","How Liftouts Work - A Guide for Companies & Teams | LIFTOUT","59","564","Explore how lift-outs work, a discreet way to hire top-performing teams. From joining Liftout to connecting with employers, learn the step-by-step process.","155","947","","0","How Liftouts Work","17","Nick Acimovic","13","What Are Liftouts?","18","Why Liftouts Matter","19","follow, index, max-snippet:-1, max-video-preview:-1, max-image-preview:large","","","https://liftout.com/how-lift-outs-work/","","","","","","90183","23565","23565","9.027","","1003","184","5.451","43.489","Hard","8.487","1","1","","29","26","0","100.000","25","17","0","6","4","0","","","","","9ef7e09c654798568874ad8d08c3ec73","0.640","","","","","en-US","1.1","","","","","","https://liftout.com/how-lift-outs-work/","2025-11-28 11:24:30"
"https://liftout.com/blog/","text/html; charset=UTF-8","200","OK","Indexable","","Blog | LIFTOUT","14","132","","0","0","","0","Archives","8","Liftout is for you. Keep your coworkers, find better opportunities.","67","Is LIFTOUT the Right Move for You?","34","","0","follow, index, max-snippet:-1, max-video-preview:-1, max-image-preview:large","","","https://liftout.com/blog/","https://liftout.com/blog/page/2/","","","","","85313","19471","19471","7.459","","532","105","5.067","56.346","Fairly Hard","4.909","1","1","","26","26","0","100.000","44","22","0","3","3","0","","","","","a31e762abd5b25d5c0c1a9884591b500","0.378","","","","","en-US","1.1","","","","","","https://liftout.com/blog/","2025-11-28 11:24:31"
"https://liftout.com/wp-content/plugins/simply-schedule-appointments/assets/css/upcoming-appointments.css?ver=1.6.8.61","text/css","200","OK","Indexable","","","0","0","","0","0","","0","","0","","0","","0","","0","","","","","","","","","","0","0","0","0.000","","0","","","","","0.000","1","5","","0","0","0","0.000","0","0","0","0","0","0","","","","","","0.010","Wed, 01 Oct 2025 05:05:05 GMT","","","","","1.1","","","","","","https://liftout.com/wp-content/plugins/simply-schedule-appointments/assets/css/upcoming-appointments.css?ver=1.6.8.61","2025-11-28 11:24:31"
"https://liftout.com/wp-content/plugins/breakdance/subplugins/breakdance-elements/dependencies-files/breakdance-swiper/breakdance-swiper.js?bd_ver=2.0.0","application/javascript","200","OK","Indexable","","","0","0","","0","0","","0","","0","","0","","0","","0","","","","","","","","","","0","0","0","0.000","","0","","","","","0.000","1","7","","0","0","0","0.000","0","0","0","0","0","0","","","","","","0.015","Wed, 24 Jul 2024 18:50:31 GMT","","","","","1.1","","","","","","https://liftout.com/wp-content/plugins/breakdance/subplugins/breakdance-elements/dependencies-files/breakdance-swiper/breakdance-swiper.js?bd_ver=2.0.0","2025-11-28 11:24:31"
"https://liftout.com/wp-content/plugins/breakdance/subplugins/breakdance-elements/dependencies-files/awesome-menu@1/awesome-menu.css?bd_ver=2.0.0","text/css","200","OK","Indexable","","","0","0","","0","0","","0","","0","","0","","0","","0","","","","","","","","","","0","0","0","0.000","","0","","","","","0.000","1","7","","0","0","0","0.000","0","0","0","0","0","0","","","","","","0.234","Wed, 24 Jul 2024 18:50:31 GMT","","","","","1.1","","","","","","https://liftout.com/wp-content/plugins/breakdance/subplugins/breakdance-elements/dependencies-files/awesome-menu@1/awesome-menu.css?bd_ver=2.0.0","2025-11-28 11:24:31"
"https://liftout.com/team-lift-out/","text/html; charset=UTF-8","200","OK","Indexable","","Why Hiring Full Teams is the Future of Recruitment | LIFTOUT","60","548","Explore team lift-outs, a revolutionary hiring strategy. Learn the benefits, why employees move as a team, and how it's changing recruitment.","141","865","","0","What is a Liftout?","18","Nick Acimovic","13","The Rise of Team Liftouts","25","Benefits for Employers","22","follow, index, max-snippet:-1, max-video-preview:-1, max-image-preview:large","","","https://liftout.com/team-lift-out/","","","","","","86255","22485","22485","8.614","","1027","175","5.869","49.389","Hard","8.895","1","1","","30","26","0","100.000","24","17","0","6","4","0","","","","","86b6099c5866e5a97f9eaf72cf0df2a3","1.561","","","","","en-US","1.1","","","","","","https://liftout.com/team-lift-out/","2025-11-28 11:24:30"
"https://liftout.com/wp-content/plugins/breakdance/plugin/themeless/normalize.min.css","text/css","200","OK","Indexable","","","0","0","","0","0","","0","","0","","0","","0","","0","","","","","","","","","","0","0","0","0.000","","0","","","","","0.000","1","5","","0","0","0","0.000","0","0","0","0","0","0","","","","","","1.033","Wed, 24 Jul 2024 18:50:30 GMT","","","","","1.1","","","","","","https://liftout.com/wp-content/plugins/breakdance/plugin/themeless/normalize.min.css","2025-11-28 11:24:31"
"https://liftout.com/wp-content/plugins/breakdance/subplugins/breakdance-elements/dependencies-files/awesome-menu@1/awesome-menu.js?bd_ver=2.0.0","application/javascript","200","OK","Indexable","","","0","0","","0","0","","0","","0","","0","","0","","0","","","","","","","","","","0","0","0","0.000","","0","","","","","0.000","1","7","","0","0","0","0.000","0","0","0","0","0","0","","","","","","0.043","Wed, 24 Jul 2024 18:50:31 GMT","","","","","1.1","","","","","","https://liftout.com/wp-content/plugins/breakdance/subplugins/breakdance-elements/dependencies-files/awesome-menu@1/awesome-menu.js?bd_ver=2.0.0","2025-11-28 11:24:32"
"https://liftout.com/wp-content/plugins/breakdance/subplugins/breakdance-elements/elements/Frequently_Asked_Questions/assets/faq.js?bd_ver=2.0.0","application/javascript","200","OK","Indexable","","","0","0","","0","0","","0","","0","","0","","0","","0","","","","","","","","","","0","0","0","0.000","","0","","","","","0.000","1","8","","0","0","0","0.000","0","0","0","0","0","0","","","","","","0.034","Wed, 24 Jul 2024 18:50:30 GMT","","","","","1.1","","","","","","https://liftout.com/wp-content/plugins/breakdance/subplugins/breakdance-elements/elements/Frequently_Asked_Questions/assets/faq.js?bd_ver=2.0.0","2025-11-28 11:24:32"
"https://liftout.com/non-compete-agreements/","text/html; charset=UTF-8","200","OK","Indexable","","Navigating Non-Compete and Non-Solicitation Agreements","54","525","Non-compete agreements. Connect with top-quality talent and companies looking for teams. Sign up today and start building your dream team.","138","885","","0","Non-Compete Agreements","22","Nick Acimovic","13","1. Negotiate the Terms","22","2. Challenge the Enforceability","31","follow, index, max-snippet:-1, max-video-preview:-1, max-image-preview:large","","","https://liftout.com/non-compete-agreements/","","","","","","80814","20486","20486","7.848","","567","133","4.263","56.733","Fairly Hard","5.630","1","1","","33","26","0","100.000","24","17","0","7","5","0","","","","","c969b6fb988f84e1ef359d9f26d236c1","1.850","","","","","en-US","1.1","","","","","","https://liftout.com/non-compete-agreements/","2025-11-28 11:24:31"
"https://liftout.com/hiring-teams/","text/html; charset=UTF-8","200","OK","Indexable","","Hiring Teams: Boosting Performance & Satisfaction | LIFTOUT","59","552","Discover the benefits of hiring teams over individuals: better collaboration, diversity, retention, efficiency, and financial performance with Liftout.","151","885","","0","The Power of Hiring Teams","25","Nick Acimovic","13","What is Team Hiring?","20","Benefits of Team Hiring","23","follow, index, max-snippet:-1, max-video-preview:-1, max-image-preview:large","","","https://liftout.com/hiring-teams/","","","","","","82606","21079","21079","8.075","","610","125","4.880","63.193","Normal","5.606","1","1","","29","26","0","100.000","24","17","0","6","4","0","","","","","24bffbeefe864b9e4f1262bbcb348e0c","2.164","","","","","en-US","1.1","","","","","","https://liftout.com/hiring-teams/","2025-11-28 11:24:31"
"https://liftout.com/wp-content/uploads/breakdance/css/post-4240-defaults.css?v=34b932f57321271db1697e62475de75a","text/css","200","OK","Indexable","","","0","0","","0","0","","0","","0","","0","","0","","0","","","","","","","","","","0","0","0","0.000","","0","","","","","0.000","1","4","","0","0","0","0.000","0","0","0","0","0","0","","","","","","0.080","Fri, 10 Nov 2023 01:34:30 GMT","","","","","1.1","","","","","","https://liftout.com/wp-content/uploads/breakdance/css/post-4240-defaults.css?v=34b932f57321271db1697e62475de75a","2025-11-28 11:24:33"
"https://liftout.com/wp-content/plugins/breakdance/subplugins/breakdance-elements/dependencies-files/breakdance-fancy-background@1/fancy-background.css?bd_ver=2.0.0","text/css","200","OK","Indexable","","","0","0","","0","0","","0","","0","","0","","0","","0","","","","","","","","","","0","0","0","0.000","","0","","","","","0.000","1","7","","0","0","0","0.000","0","0","0","0","0","0","","","","","","0.051","Wed, 24 Jul 2024 18:50:31 GMT","","","","","1.1","","","","","","https://liftout.com/wp-content/plugins/breakdance/subplugins/breakdance-elements/dependencies-files/breakdance-fancy-background@1/fancy-background.css?bd_ver=2.0.0","2025-11-28 11:24:33"
"https://liftout.com/terms/","text/html; charset=UTF-8","200","OK","Indexable","","Terms of Service | LIFTOUT","26","245","Last Modified: October 30, 2023","31","198","","0","Terms of Service","16","Liftout is for you. Keep your coworkers, find better opportunities.","67","Is LIFTOUT the Right Move for You?","34","","0","follow, index, max-snippet:-1, max-video-preview:-1, max-image-preview:large","","","https://liftout.com/terms/","","","","","","99356","30067","30067","11.518","","4812","559","8.608","56.728","Fairly Hard","30.029","1","1","","27","26","0","100.000","18","13","0","3","3","0","","","","","a07f849143626b297cde7159faae4666","2.876","","","","","en-US","1.1","","","","","","https://liftout.com/terms/","2025-11-28 11:24:31"
"https://liftout.com/wp-content/plugins/breakdance/subplugins/breakdance-elements/dependencies-files/swiper@8/swiper-bundle.min.css?bd_ver=2.0.0","text/css","200","OK","Indexable","","","0","0","","0","0","","0","","0","","0","","0","","0","","","","","","","","","","0","0","0","0.000","","0","","","","","0.000","1","7","","0","0","0","0.000","0","0","0","0","0","0","","","","","","0.034","Wed, 24 Jul 2024 18:50:31 GMT","","","","","1.1","","","","","","https://liftout.com/wp-content/plugins/breakdance/subplugins/breakdance-elements/dependencies-files/swiper@8/swiper-bundle.min.css?bd_ver=2.0.0","2025-11-28 11:24:33"
"https://liftout.com/wp-content/uploads/breakdance/css/post-4207-defaults.css?v=f582b6e506f22e29935999712747f9f5","text/css","200","OK","Indexable","","","0","0","","0","0","","0","","0","","0","","0","","0","","","","","","","","","","0","0","0","0.000","","0","","","","","0.000","1","4","","0","0","0","0.000","0","0","0","0","0","0","","","","","","0.198","Fri, 10 Nov 2023 01:34:30 GMT","","","","","1.1","","","","","","https://liftout.com/wp-content/uploads/breakdance/css/post-4207-defaults.css?v=f582b6e506f22e29935999712747f9f5","2025-11-28 11:24:33"
"https://liftout.com/wp-content/uploads/2022/09/LiftOut-logo-2000x1500-White.png","image/png","200","OK","Indexable","","","0","0","","0","0","","0","","0","","0","","0","","0","","","","","","","","","","14107","14107","14107","5.404","","0","","","","","0.000","1","4","","0","0","0","0.000","0","0","0","0","0","0","","","","","","0.225","Sat, 24 Sep 2022 19:30:47 GMT","","","","","1.1","","","","","","https://liftout.com/wp-content/uploads/2022/09/LiftOut-logo-2000x1500-White.png","2025-11-28 11:24:33"
"https://liftout.com/wp-content/plugins/breakdance/subplugins/breakdance-elements/dependencies-files/awesome-form@1/css/form.css?bd_ver=2.0.0","text/css","200","OK","Indexable","","","0","0","","0","0","","0","","0","","0","","0","","0","","","","","","","","","","0","0","0","0.000","","0","","","","","0.000","1","8","","0","0","0","0.000","0","0","0","0","0","0","","","","","","0.055","Wed, 24 Jul 2024 18:50:31 GMT","","","","","1.1","","","","","","https://liftout.com/wp-content/plugins/breakdance/subplugins/breakdance-elements/dependencies-files/awesome-form@1/css/form.css?bd_ver=2.0.0","2025-11-28 11:24:34"
"https://liftout.com/wp-content/uploads/breakdance/css/selectors.css?v=0f8a16a724e019be7dc165c215788a90","text/css","200","OK","Indexable","","","0","0","","0","0","","0","","0","","0","","0","","0","","","","","","","","","","0","0","0","0.000","","0","","","","","0.000","1","4","","0","0","0","0.000","0","0","0","0","0","0","","","","","","0.065","Mon, 27 Jan 2025 01:38:29 GMT","","","","","1.1","","","","","","https://liftout.com/wp-content/uploads/breakdance/css/selectors.css?v=0f8a16a724e019be7dc165c215788a90","2025-11-28 11:24:34"
"https://liftout.com/wp-content/plugins/breakdance/subplugins/breakdance-elements/dependencies-files/awesome-form@1/js/form.js?bd_ver=2.0.0","application/javascript","200","OK","Indexable","","","0","0","","0","0","","0","","0","","0","","0","","0","","","","","","","","","","0","0","0","0.000","","0","","","","","0.000","1","8","","0","0","0","0.000","0","0","0","0","0","0","","","","","","0.049","Wed, 24 Jul 2024 18:50:31 GMT","","","","","1.1","","","","","","https://liftout.com/wp-content/plugins/breakdance/subplugins/breakdance-elements/dependencies-files/awesome-form@1/js/form.js?bd_ver=2.0.0","2025-11-28 11:24:34"
"https://liftout.com/wp-content/uploads/2023/10/LiftOut-Icon-White.png","image/png","200","OK","Indexable","","","0","0","","0","0","","0","","0","","0","","0","","0","","","","","","","","","","6594","6594","6594","2.526","","0","","","","","0.000","1","4","","0","0","0","0.000","0","0","0","0","0","0","","","","","","0.045","Sun, 15 Oct 2023 16:40:25 GMT","","","","","1.1","","","","","","https://liftout.com/wp-content/uploads/2023/10/LiftOut-Icon-White.png","2025-11-28 11:24:34"
"https://liftout.com/wp-content/uploads/breakdance/css/post-7-defaults.css?v=c7f8741cb09d56dccad10b2a32899c7c","text/css","200","OK","Indexable","","","0","0","","0","0","","0","","0","","0","","0","","0","","","","","","","","","","0","0","0","0.000","","0","","","","","0.000","1","4","","0","0","0","0.000","0","0","0","0","0","0","","","","","","0.037","Sun, 26 Jan 2025 21:16:02 GMT","","","","","1.1","","","","","","https://liftout.com/wp-content/uploads/breakdance/css/post-7-defaults.css?v=c7f8741cb09d56dccad10b2a32899c7c","2025-11-28 11:24:34"
"https://liftout.com/wp-content/plugins/breakdance/subplugins/breakdance-elements/dependencies-files/swiper@8/swiper-bundle.min.js?bd_ver=2.0.0","application/javascript","200","OK","Indexable","","","0","0","","0","0","","0","","0","","0","","0","","0","","","","","","","","","","0","0","0","0.000","","0","","","","","0.000","1","7","","0","0","0","0.000","0","0","0","0","0","0","","","","","","0.061","Wed, 24 Jul 2024 18:50:31 GMT","","","","","1.1","","","","","","https://liftout.com/wp-content/plugins/breakdance/subplugins/breakdance-elements/dependencies-files/swiper@8/swiper-bundle.min.js?bd_ver=2.0.0","2025-11-28 11:24:34"
"https://liftout.com/find-teams/","text/html; charset=UTF-8","200","OK","Indexable","","Don't Build - Onboard a Ready-made Team of Rockstars","52","491","Onboard complete teams and skip recruitment and team building pains. Liftout provides ready-made, high-performing teams to deliver instant expertise and results.","161","1009","","0","Hire Pre-Built Winning Teams","28","LIFTOUT FAQs for Employers","26","Hire Exceptional Teams With Ease","32","Is LIFTOUT the Right Move for You?","34","follow, index, max-snippet:-1, max-video-preview:-1, max-image-preview:large","","","https://liftout.com/find-teams/","","","","","","82271","19222","19222","7.364","","503","102","4.931","72.323","Fairly Easy","4.566","1","1","","53","26","0","100.000","16","12","0","3","3","0","","","","","ac51794ac08f1432d778cb9d3a42e03","0.254","","","","","en-US","1.1","","","","","","https://liftout.com/find-teams/","2025-11-28 11:24:34"
"https://liftout.com/wp-content/plugins/helpful-pro/public/assets/css/general.css?ver=1.01","text/css","200","OK","Indexable","","","0","0","","0","0","","0","","0","","0","","0","","0","","","","","","","","","","0","0","0","0.000","","0","","","","","0.000","1","6","","0","0","0","0.000","0","0","0","0","0","0","","","","","","0.102","Mon, 27 Jan 2025 01:37:06 GMT","","","","","1.1","","","","","","https://liftout.com/wp-content/plugins/helpful-pro/public/assets/css/general.css?ver=1.01","2025-11-28 11:24:34"
"https://liftout.com/wp-content/plugins/breakdance/plugin/global-scripts/breakdance-utils.js?bd_ver=2.0.0","application/javascript","200","OK","Indexable","","","0","0","","0","0","","0","","0","","0","","0","","0","","","","","","","","","","0","0","0","0.000","","0","","","","","0.000","1","5","","0","0","0","0.000","0","0","0","0","0","0","","","","","","0.130","Wed, 24 Jul 2024 18:50:30 GMT","","","","","1.1","","","","","","https://liftout.com/wp-content/plugins/breakdance/plugin/global-scripts/breakdance-utils.js?bd_ver=2.0.0","2025-11-28 11:24:34"
"https://liftout.com/wp-content/plugins/breakdance/subplugins/breakdance-elements/dependencies-files/swiper@8/breakdance-swiper-preset-defaults.css?bd_ver=2.0.0","text/css","200","OK","Indexable","","","0","0","","0","0","","0","","0","","0","","0","","0","","","","","","","","","","0","0","0","0.000","","0","","","","","0.000","1","7","","0","0","0","0.000","0","0","0","0","0","0","","","","","","0.044","Wed, 24 Jul 2024 18:50:31 GMT","","","","","1.1","","","","","","https://liftout.com/wp-content/plugins/breakdance/subplugins/breakdance-elements/dependencies-files/swiper@8/breakdance-swiper-preset-defaults.css?bd_ver=2.0.0","2025-11-28 11:24:34"
"https://liftout.com/wp-content/uploads/breakdance/css/post-4262-defaults.css?v=6ee69d827c2889d5eb6474b1f56199b8","text/css","200","OK","Indexable","","","0","0","","0","0","","0","","0","","0","","0","","0","","","","","","","","","","0","0","0","0.000","","0","","","","","0.000","1","4","","0","0","0","0.000","0","0","0","0","0","0","","","","","","0.052","Sun, 26 Jan 2025 21:25:49 GMT","","","","","1.1","","","","","","https://liftout.com/wp-content/uploads/breakdance/css/post-4262-defaults.css?v=6ee69d827c2889d5eb6474b1f56199b8","2025-11-28 11:24:34"
"https://liftout.com/wp-content/uploads/breakdance/css/post-3653.css?v=1d8ce70adbaba7b0ec6f88ce5d920363","text/css","200","OK","Indexable","","","0","0","","0","0","","0","","0","","0","","0","","0","","","","","","","","","","0","0","0","0.000","","0","","","","","0.000","1","4","","0","0","0","0.000","0","0","0","0","0","0","","","","","","0.046","Sat, 25 Nov 2023 23:48:02 GMT","","","","","1.1","","","","","","https://liftout.com/wp-content/uploads/breakdance/css/post-3653.css?v=1d8ce70adbaba7b0ec6f88ce5d920363","2025-11-28 11:24:34"
"https://liftout.com/wp-content/plugins/simply-schedule-appointments/assets/css/ssa-styles.css?ver=1.6.8.61","text/css","200","OK","Indexable","","","0","0","","0","0","","0","","0","","0","","0","","0","","","","","","","","","","0","0","0","0.000","","0","","","","","0.000","1","5","","0","0","0","0.000","0","0","0","0","0","0","","","","","","0.156","Wed, 01 Oct 2025 05:05:05 GMT","","","","","1.1","","","","","","https://liftout.com/wp-content/plugins/simply-schedule-appointments/assets/css/ssa-styles.css?ver=1.6.8.61","2025-11-28 11:24:34"
"https://liftout.com/wp-content/uploads/2023/08/Team-Hire-Liftout-scaled.jpeg","image/jpeg","200","OK","Indexable","","","0","0","","0","0","","0","","0","","0","","0","","0","","","","","","","","","","135807","135807","135807","52.025","","0","","","","","0.000","1","4","","0","0","0","0.000","0","0","0","0","0","0","","","","","","0.088","Wed, 27 Sep 2023 01:46:22 GMT","","","","","1.1","","","","","","https://liftout.com/wp-content/uploads/2023/08/Team-Hire-Liftout-scaled.jpeg","2025-11-28 11:24:34"
"https://liftout.com/wp-content/uploads/daexthefup_uploads/custom-1.css?ver=1.01","text/css","200","OK","Indexable","","","0","0","","0","0","","0","","0","","0","","0","","0","","","","","","","","","","0","0","0","0.000","","0","","","","","0.000","1","3","","0","0","0","0.000","0","0","0","0","0","0","","","","","","0.059","Mon, 27 Jan 2025 01:38:26 GMT","","","","","1.1","","","","","","https://liftout.com/wp-content/uploads/daexthefup_uploads/custom-1.css?ver=1.01","2025-11-28 11:24:34"
"https://liftout.com/wp-content/plugins/breakdance/subplugins/breakdance-elements/dependencies-files/popups@1/popups.js?bd_ver=2.0.0","application/javascript","200","OK","Indexable","","","0","0","","0","0","","0","","0","","0","","0","","0","","","","","","","","","","0","0","0","0.000","","0","","","","","0.000","1","7","","0","0","0","0.000","0","0","0","0","0","0","","","","","","0.159","Wed, 24 Jul 2024 18:50:31 GMT","","","","","1.1","","","","","","https://liftout.com/wp-content/plugins/breakdance/subplugins/breakdance-elements/dependencies-files/popups@1/popups.js?bd_ver=2.0.0","2025-11-28 11:24:35"
"https://liftout.com/wp-content/plugins/helpful-pro/public/assets/js/main.js?ver=1.01","application/javascript","200","OK","Indexable","","","0","0","","0","0","","0","","0","","0","","0","","0","","","","","","","","","","0","0","0","0.000","","0","","","","","0.000","1","6","","0","0","0","0.000","0","0","0","0","0","0","","","","","","0.163","Mon, 27 Jan 2025 01:37:06 GMT","","","","","1.1","","","","","","https://liftout.com/wp-content/plugins/helpful-pro/public/assets/js/main.js?ver=1.01","2025-11-28 11:24:35"
"https://liftout.com/wp-content/uploads/breakdance/css/post-4240.css?v=24cd2a735b5c5b541b5257105498bcd9","text/css","200","OK","Indexable","","","0","0","","0","0","","0","","0","","0","","0","","0","","","","","","","","","","0","0","0","0.000","","0","","","","","0.000","1","4","","0","0","0","0.000","0","0","0","0","0","0","","","","","","0.052","Fri, 10 Nov 2023 01:34:30 GMT","","","","","1.1","","","","","","https://liftout.com/wp-content/uploads/breakdance/css/post-4240.css?v=24cd2a735b5c5b541b5257105498bcd9","2025-11-28 11:24:35"
"https://liftout.com/wp-content/uploads/breakdance/css/global-settings.css?v=470d516300a17f2a7f10723d4a64a948","text/css","200","OK","Indexable","","","0","0","","0","0","","0","","0","","0","","0","","0","","","","","","","","","","0","0","0","0.000","","0","","","","","0.000","1","4","","0","0","0","0.000","0","0","0","0","0","0","","","","","","0.047","Mon, 27 Jan 2025 01:38:29 GMT","","","","","1.1","","","","","","https://liftout.com/wp-content/uploads/breakdance/css/global-settings.css?v=470d516300a17f2a7f10723d4a64a948","2025-11-28 11:24:35"
"https://liftout.com/wp-content/uploads/breakdance/css/post-496.css?v=d8748c05ecab8bb75c519656e37c8741","text/css","200","OK","Indexable","","","0","0","","0","0","","0","","0","","0","","0","","0","","","","","","","","","","0","0","0","0.000","","0","","","","","0.000","2","4","","0","0","0","0.000","0","0","0","0","0","0","","","","","","0.052","Sun, 12 Nov 2023 05:01:39 GMT","","","","","1.1","","","","","","https://liftout.com/wp-content/uploads/breakdance/css/post-496.css?v=d8748c05ecab8bb75c519656e37c8741","2025-11-28 11:24:35"
"https://liftout.com/wp-content/uploads/breakdance/css/post-496-defaults.css?v=06333c490c929a835bd3732b135fef8d","text/css","200","OK","Indexable","","","0","0","","0","0","","0","","0","","0","","0","","0","","","","","","","","","","0","0","0","0.000","","0","","","","","0.000","2","4","","0","0","0","0.000","0","0","0","0","0","0","","","","","","0.043","Sun, 12 Nov 2023 05:01:39 GMT","","","","","1.1","","","","","","https://liftout.com/wp-content/uploads/breakdance/css/post-496-defaults.css?v=06333c490c929a835bd3732b135fef8d","2025-11-28 11:24:35"
"https://liftout.com/wp-content/uploads/breakdance/css/post-4309.css?v=afdf5316b4e3081e06a89e4c3fa1ff56","text/css","200","OK","Indexable","","","0","0","","0","0","","0","","0","","0","","0","","0","","","","","","","","","","0","0","0","0.000","","0","","","","","0.000","2","4","","0","0","0","0.000","0","0","0","0","0","0","","","","","","0.047","Fri, 10 Nov 2023 09:48:20 GMT","","","","","1.1","","","","","","https://liftout.com/wp-content/uploads/breakdance/css/post-4309.css?v=afdf5316b4e3081e06a89e4c3fa1ff56","2025-11-28 11:24:35"
"https://liftout.com/Copyright-Policy","text/html; charset=UTF-8","301","Moved Permanently","Non-Indexable","Redirected","","0","0","","0","0","","0","","0","","0","","0","","0","","","","","","","","","","0","0","0","0.000","","0","","","","","0.000","2","0","","1","1","0","3.850","0","0","0","0","0","0","","","","","","0.226","","https://liftout.com/","HTTP Redirect","","","1.1","","","","","","https://liftout.com/Copyright-Policy","2025-11-28 11:24:35"
"https://liftout.com/wp-content/uploads/breakdance/css/post-4309-defaults.css?v=25560c3261293717cf540654b7c3029e","text/css","200","OK","Indexable","","","0","0","","0","0","","0","","0","","0","","0","","0","","","","","","","","","","0","0","0","0.000","","0","","","","","0.000","2","4","","0","0","0","0.000","0","0","0","0","0","0","","","","","","0.010","Fri, 10 Nov 2023 09:48:20 GMT","","","","","1.1","","","","","","https://liftout.com/wp-content/uploads/breakdance/css/post-4309-defaults.css?v=25560c3261293717cf540654b7c3029e","2025-11-28 11:24:35"
"https://liftout.com/privacy/","text/html; charset=UTF-8","200","OK","Indexable","","Privacy Policy | LIFTOUT","24","216","The privacy policy page for Liftout.com outlines the data collection, usage, and protection practices of our platform. Learn how we ensure the confidentiality of your personal and team information.","197","1207","","0","Privacy Policy","14","Liftout is for you. Keep your coworkers, find better opportunities.","67","Is LIFTOUT the Right Move for You?","34","","0","follow, index, max-snippet:-1, max-video-preview:-1, max-image-preview:large","","","https://liftout.com/privacy/","","","","","","72763","19600","19600","7.508","","745","133","5.602","60.452","Normal","7.416","1","1","","28","26","0","100.000","15","12","0","3","3","0","","","","","58a777b0828210898e9a4e848a0d1e26","3.108","","","","","en-US","1.1","","","","","","https://liftout.com/privacy/","2025-11-28 11:24:32"
"https://liftout.com/contact/","text/html; charset=UTF-8","200","OK","Indexable","","Contact Us | LIFTOUT","20","191","","0","0","","0","Let's Talk","10","Liftout is for you. Keep your coworkers, find better opportunities.","67","Is LIFTOUT the Right Move for You?","34","","0","follow, index, max-snippet:-1, max-video-preview:-1, max-image-preview:large","","","https://liftout.com/contact/","","","","","","68655","17505","17505","6.706","","223","63","3.540","87.534","Easy","2.766","1","1","","29","26","0","100.000","14","12","0","3","3","0","","","","","c14fcdb5a0e793ed2108209b30ac3687","3.095","","","","","en-US","1.1","","","","","","https://liftout.com/contact/","2025-11-28 11:24:32"
"https://liftout.com/wp-content/uploads/breakdance/css/post-500.css?v=006d656fa293c5f2e2385a6234923a5c","text/css","200","OK","Indexable","","","0","0","","0","0","","0","","0","","0","","0","","0","","","","","","","","","","0","0","0","0.000","","0","","","","","0.000","2","4","","0","0","0","0.000","0","0","0","0","0","0","","","","","","0.012","Sun, 26 Jan 2025 21:38:52 GMT","","","","","1.1","","","","","","https://liftout.com/wp-content/uploads/breakdance/css/post-500.css?v=006d656fa293c5f2e2385a6234923a5c","2025-11-28 11:24:36"
"https://liftout.com/wp-content/uploads/breakdance/css/post-500-defaults.css?v=f9a97eb22b6d8c1f2d8e8071a8d0e7cc","text/css","200","OK","Indexable","","","0","0","","0","0","","0","","0","","0","","0","","0","","","","","","","","","","0","0","0","0.000","","0","","","","","0.000","2","4","","0","0","0","0.000","0","0","0","0","0","0","","","","","","0.044","Sun, 26 Jan 2025 21:38:52 GMT","","","","","1.1","","","","","","https://liftout.com/wp-content/uploads/breakdance/css/post-500-defaults.css?v=f9a97eb22b6d8c1f2d8e8071a8d0e7cc","2025-11-28 11:24:36"
"https://liftout.com/employment-contracts/","text/html; charset=UTF-8","200","OK","Indexable","","Employment Contracts: Read This Before Signing One | LIFTOUT","60","571","Navigate employment contracts with our guide on Non-Compete Agreements & NDAs. Protect your career by understanding what to sign and what to avoid.","147","963","","0","Employment Contracts","20","Nick Acimovic","13","Non-Compete Agreements","22","NDAs","4","follow, index, max-snippet:-1, max-video-preview:-1, max-image-preview:large","","","https://liftout.com/employment-contracts/","","","","","","89889","23681","23681","9.072","","1499","245","6.118","60.885","Normal","11.407","1","1","","29","26","0","100.000","25","17","0","6","4","0","","","","","5669d4f5791f09c0ae20f13d71db6a4c","1.866","","","","","en-US","1.1","","","","","","https://liftout.com/employment-contracts/","2025-11-28 11:24:35"
"https://liftout.com/category/contracts/","text/html; charset=UTF-8","200","OK","Indexable","","Contracts | LIFTOUT","19","180","","0","0","","0","Contracts","9","Liftout is for you. Keep your coworkers, find better opportunities.","67","Is LIFTOUT the Right Move for You?","34","","0","follow, index, max-snippet:-1, max-video-preview:-1, max-image-preview:large","","","https://liftout.com/category/contracts/","","","","","","85396","19402","19402","7.433","","535","104","5.144","57.715","Fairly Hard","4.900","2","2","","10","10","0","38.460","44","21","0","3","3","0","","","","","2abff1eab8cb617ab42bed8a09be0b6b","0.244","","","","","en-US","1.1","","","","","","https://liftout.com/category/contracts/","2025-11-28 11:24:37"
"https://liftout.com/minnesota-law-bans-employment-non-competes/","text/html; charset=UTF-8","200","OK","Indexable","","Minnesota Outlaws Most Non-Compete Agreements | LIFTOUT","55","559","Minnesota's strict new ban on post-employment non-compete agreements represents a major win for employee freedom and career mobility within the state.","150","965","","0","Minnesota Outlaws Most Non-Compete Agreements","45","Nick Acimovic","13","Non-Competes Limit Opportunity","30","The Sweeping New Rules","22","follow, index, max-snippet:-1, max-video-preview:-1, max-image-preview:large","","","https://liftout.com/minnesota-law-bans-employment-non-competes/","","","","","","82760","20972","20972","8.034","","567","111","5.108","49.758","Hard","5.546","2","1","","6","2","0","7.690","25","17","0","6","4","0","","","","","3ff0fc3a7b89f2489e7a367754f91b87","1.766","","","","","en-US","1.1","","","","","","https://liftout.com/minnesota-law-bans-employment-non-competes/","2025-11-28 11:24:35"
"https://liftout.com/wp-content/uploads/2023/10/People-Liftout-Hire-together-scaled.jpeg","image/jpeg","200","OK","Indexable","","","0","0","","0","0","","0","","0","","0","","0","","0","","","","","","","","","","228080","228080","228080","87.373","","0","","","","","0.000","2","4","","0","0","0","0.000","0","0","0","0","0","0","","","","","","0.017","Tue, 17 Oct 2023 02:55:13 GMT","","","","","1.1","","","","","","https://liftout.com/wp-content/uploads/2023/10/People-Liftout-Hire-together-scaled.jpeg","2025-11-28 11:24:37"
"https://liftout.com/states-restrict-non-compete-agreements/","text/html; charset=UTF-8","200","OK","Indexable","","The Tide Turns Against Non-Compete Agreements | LIFTOUT","55","544","With increasing state bans and a proposed federal prohibition, non-compete agreements face a pivotal turning point as policymakers aim to empower career mobility.","162","1018","","0","The Tide Turns Against Non-Compete Agreements","45","Nick Acimovic","13","Non-Competes Limit Opportunity","30","State-Level Bans Gain Steam","27","follow, index, max-snippet:-1, max-video-preview:-1, max-image-preview:large","","","https://liftout.com/states-restrict-non-compete-agreements/","","","","","","82838","21101","21101","8.083","","593","116","5.112","51.706","Fairly Hard","5.721","2","1","","7","3","0","11.540","26","18","0","6","4","0","","","","","e614550240fe90d5e7f57fee3c26a8ef","1.801","","","","","en-US","1.1","","","","","","https://liftout.com/states-restrict-non-compete-agreements/","2025-11-28 11:24:36"
"https://liftout.com/wp-content/uploads/2023/10/Liftout_Hire_Team-scaled.jpeg","image/jpeg","200","OK","Indexable","","","0","0","","0","0","","0","","0","","0","","0","","0","","","","","","","","","","130466","130466","130466","49.979","","0","","","","","0.000","2","4","","0","0","0","0.000","0","0","0","0","0","0","","","","","","0.010","Tue, 17 Oct 2023 02:10:55 GMT","","","","","1.1","","","","","","https://liftout.com/wp-content/uploads/2023/10/Liftout_Hire_Team-scaled.jpeg","2025-11-28 11:24:37"
"https://liftout.com/wp-content/uploads/2021/01/AdobeStock_402034033-scaled.jpeg","image/jpeg","200","OK","Indexable","","","0","0","","0","0","","0","","0","","0","","0","","0","","","","","","","","","","144181","144181","144181","55.233","","0","","","","","0.000","2","4","","0","0","0","0.000","0","0","0","0","0","0","","","","","","0.053","Sun, 18 Sep 2022 23:43:22 GMT","","","","","1.1","","","","","","https://liftout.com/wp-content/uploads/2021/01/AdobeStock_402034033-scaled.jpeg","2025-11-28 11:24:37"
"https://liftout.com/wp-content/uploads/2023/10/Successful_Team_Liftout-scaled.jpeg","image/jpeg","200","OK","Indexable","","","0","0","","0","0","","0","","0","","0","","0","","0","","","","","","","","","","154443","154443","154443","59.164","","0","","","","","0.000","2","4","","0","0","0","0.000","0","0","0","0","0","0","","","","","","0.058","Tue, 17 Oct 2023 03:05:32 GMT","","","","","1.1","","","","","","https://liftout.com/wp-content/uploads/2023/10/Successful_Team_Liftout-scaled.jpeg","2025-11-28 11:24:38"
"https://liftout.com/wp-content/uploads/2021/01/AdobeStock_303326413-scaled.jpeg","image/jpeg","200","OK","Indexable","","","0","0","","0","0","","0","","0","","0","","0","","0","","","","","","","","","","230933","230933","230933","88.466","","0","","","","","0.000","2","4","","0","0","0","0.000","0","0","0","0","0","0","","","","","","0.275","Sun, 18 Sep 2022 23:42:11 GMT","","","","","1.1","","","","","","https://liftout.com/wp-content/uploads/2021/01/AdobeStock_303326413-scaled.jpeg","2025-11-28 11:24:38"
"https://liftout.com/about/","text/html; charset=UTF-8","200","OK","Indexable","","About Liftout | LIFTOUT","23","210","Forget starting over to get ahead. LIFTOUT lets your team find new jobs, increase pay, and advance careers together.","116","721","","0","About Liftout","13","Liftout is for you. Keep your coworkers, find better opportunities.","67","Imagine Career Growth Without Losing Your Team","46","The Origin Story","16","follow, index, max-snippet:-1, max-video-preview:-1, max-image-preview:large","","","https://liftout.com/about/","","","","","","70855","18862","18862","7.226","","448","91","4.923","72.861","Fairly Easy","4.864","1","1","","26","26","0","100.000","15","12","0","4","4","0","","","","","6080d1c0bbc8a0fd4274a5aea0dc4b69","3.305","","","","","en-US","1.1","","","","","","https://liftout.com/about/","2025-11-28 11:24:35"
"https://liftout.com/wp-content/uploads/breakdance/css/post-4434-defaults.css?v=17e8097d5adb3c73cf42ac1391a98ea5","text/css","200","OK","Indexable","","","0","0","","0","0","","0","","0","","0","","0","","0","","","","","","","","","","0","0","0","0.000","","0","","","","","0.000","2","4","","0","0","0","0.000","0","0","0","0","0","0","","","","","","0.203","Fri, 10 Nov 2023 07:47:55 GMT","","","","","1.1","","","","","","https://liftout.com/wp-content/uploads/breakdance/css/post-4434-defaults.css?v=17e8097d5adb3c73cf42ac1391a98ea5","2025-11-28 11:24:38"
"https://liftout.com/california-bans-non-compete-agreements/","text/html; charset=UTF-8","200","OK","Indexable","","California Strengthens Ban On Non-Competes, Empowers Workers","60","590","California's new legislation bans restrictive employment covenants, representing a seismic shift empowering professionals to take control of their careers.","155","945","","0","A Win for Employee Mobility","27","Nick Acimovic","13","Is LIFTOUT the Right Move for You?","34","","0","follow, index, max-snippet:-1, max-video-preview:-1, max-image-preview:large","","","https://liftout.com/california-bans-non-compete-agreements/","","","","","","82521","21056","21056","8.066","","581","114","5.096","57.070","Fairly Hard","5.497","2","1","","8","4","0","15.380","24","17","0","7","5","0","","","","","8444d0a73ef2000120b5753c850b69f2","1.526","","","","","en-US","1.1","","","","","","https://liftout.com/california-bans-non-compete-agreements/","2025-11-28 11:24:37"
"https://liftout.com/north-dakota-strictly-limits-non-compete-agreements/","text/html; charset=UTF-8","200","OK","Indexable","","North Dakota Limits Enforceability of Non-Competes","50","467","With only narrow exceptions, North Dakota prohibits restraint of trade agreements like non-competes, signaling a future where merit, not legal limits, determines career paths.","175","1068","","0","North Dakota Limits Enforceability of Non-Competes","50","Nick Acimovic","13","Non-Competes Constrain Careers","30","The Rules in North Dakota","25","follow, index, max-snippet:-1, max-video-preview:-1, max-image-preview:large","","","https://liftout.com/north-dakota-strictly-limits-non-compete-agreements/","","","","","","82677","20970","20970","8.033","","590","110","5.364","52.982","Fairly Hard","5.635","2","1","","15","6","0","23.080","24","17","0","6","4","0","","","","","a89492ac990793a2284e5ccdf6e02c23","1.452","","","","","en-US","1.1","","","","","","https://liftout.com/north-dakota-strictly-limits-non-compete-agreements/","2025-11-28 11:24:37"
"https://liftout.com/wp-content/uploads/2023/10/Liftout-Hire-scaled.jpeg","image/jpeg","200","OK","Indexable","","","0","0","","0","0","","0","","0","","0","","0","","0","","","","","","","","","","254564","254564","254564","97.519","","0","","","","","0.000","2","4","","0","0","0","0.000","0","0","0","0","0","0","","","","","","0.053","Tue, 17 Oct 2023 03:22:02 GMT","","","","","1.1","","","","","","https://liftout.com/wp-content/uploads/2023/10/Liftout-Hire-scaled.jpeg","2025-11-28 11:24:38"
"https://liftout.com/wp-content/uploads/2023/10/Non-Compete-Fines-scaled.jpeg","image/jpeg","200","OK","Indexable","","","0","0","","0","0","","0","","0","","0","","0","","0","","","","","","","","","","163408","163408","163408","62.599","","0","","","","","0.000","2","4","","0","0","0","0.000","0","0","0","0","0","0","","","","","","0.201","Tue, 17 Oct 2023 04:03:05 GMT","","","","","1.1","","","","","","https://liftout.com/wp-content/uploads/2023/10/Non-Compete-Fines-scaled.jpeg","2025-11-28 11:24:38"
"https://liftout.com/wp-content/uploads/breakdance/css/post-4434.css?v=67083d4663713d7d61adb8ba2814a076","text/css","200","OK","Indexable","","","0","0","","0","0","","0","","0","","0","","0","","0","","","","","","","","","","0","0","0","0.000","","0","","","","","0.000","2","4","","0","0","0","0.000","0","0","0","0","0","0","","","","","","0.435","Fri, 10 Nov 2023 07:47:55 GMT","","","","","1.1","","","","","","https://liftout.com/wp-content/uploads/breakdance/css/post-4434.css?v=67083d4663713d7d61adb8ba2814a076","2025-11-28 11:24:38"
"https://liftout.com/ftc-non-compete-ban/","text/html; charset=UTF-8","200","OK","Indexable","","FTC Targets Non-Competes in New Rule Proposal | LIFTOUT","55","536","FTC proposes banning non-compete clauses to empower employee autonomy and spur career mobility and economic growth.","115","775","","0","FTC: Non-Competes Suppress Economy, Proposes Ban","48","Nick Acimovic","13","Non-Competes Shackle Employees","30","Unfettering Talent Spurs Innovation","35","follow, index, max-snippet:-1, max-video-preview:-1, max-image-preview:large","","","https://liftout.com/ftc-non-compete-ban/","","","","","","83527","21620","21620","8.282","","724","132","5.485","43.402","Hard","6.895","2","1","","7","3","0","11.540","25","18","0","6","4","0","","","","","6a30ae62ffd610d0499b810d69024f20","1.299","","","","","en-US","1.1","","","","","","https://liftout.com/ftc-non-compete-ban/","2025-11-28 11:24:38"
"https://liftout.com/wp-content/uploads/breakdance/css/post-3600-defaults.css?v=0eb9cd9abe62367f372f6d09ad20e2a7","text/css","200","OK","Indexable","","","0","0","","0","0","","0","","0","","0","","0","","0","","","","","","","","","","0","0","0","0.000","","0","","","","","0.000","2","4","","0","0","0","0.000","0","0","0","0","0","0","","","","","","0.784","Mon, 27 Jan 2025 01:41:57 GMT","","","","","1.1","","","","","","https://liftout.com/wp-content/uploads/breakdance/css/post-3600-defaults.css?v=0eb9cd9abe62367f372f6d09ad20e2a7","2025-11-28 11:24:39"
"https://liftout.com/wp-content/uploads/2021/01/AdobeStock_474582113-scaled.jpeg","image/jpeg","200","OK","Indexable","","","0","0","","0","0","","0","","0","","0","","0","","0","","","","","","","","","","160327","160327","160327","61.418","","0","","","","","0.000","2","4","","0","0","0","0.000","0","0","0","0","0","0","","","","","","0.226","Sun, 18 Sep 2022 23:50:58 GMT","","","","","1.1","","","","","","https://liftout.com/wp-content/uploads/2021/01/AdobeStock_474582113-scaled.jpeg","2025-11-28 11:24:39"
"https://liftout.com/wp-content/uploads/breakdance/css/post-3590-defaults.css?v=6ee69d827c2889d5eb6474b1f56199b8","text/css","200","OK","Indexable","","","0","0","","0","0","","0","","0","","0","","0","","0","","","","","","","","","","0","0","0","0.000","","0","","","","","0.000","2","4","","0","0","0","0.000","0","0","0","0","0","0","","","","","","0.716","Mon, 27 Jan 2025 01:41:23 GMT","","","","","1.1","","","","","","https://liftout.com/wp-content/uploads/breakdance/css/post-3590-defaults.css?v=6ee69d827c2889d5eb6474b1f56199b8","2025-11-28 11:24:39"
"https://liftout.com/wp-content/uploads/breakdance/css/post-3600.css?v=4564d02730fd300be058f4ccf94c2352","text/css","200","OK","Indexable","","","0","0","","0","0","","0","","0","","0","","0","","0","","","","","","","","","","0","0","0","0.000","","0","","","","","0.000","2","4","","0","0","0","0.000","0","0","0","0","0","0","","","","","","0.502","Mon, 27 Jan 2025 01:41:57 GMT","","","","","1.1","","","","","","https://liftout.com/wp-content/uploads/breakdance/css/post-3600.css?v=4564d02730fd300be058f4ccf94c2352","2025-11-28 11:24:39"
"https://liftout.com/wp-content/uploads/2023/10/Non-Compete-Agreements-scaled.jpeg","image/jpeg","200","OK","Indexable","","","0","0","","0","0","","0","","0","","0","","0","","0","","","","","","","","","","173332","173332","173332","66.400","","0","","","","","0.000","2","4","","0","0","0","0.000","0","0","0","0","0","0","","","","","","0.069","Tue, 17 Oct 2023 03:53:29 GMT","","","","","1.1","","","","","","https://liftout.com/wp-content/uploads/2023/10/Non-Compete-Agreements-scaled.jpeg","2025-11-28 11:24:39"
"https://liftout.com/wp-content/uploads/2023/10/Steve-Jobs-and-Woz-Dream-Team.jpg","image/jpeg","200","OK","Indexable","","","0","0","","0","0","","0","","0","","0","","0","","0","","","","","","","","","","224290","224290","224290","85.921","","0","","","","","0.000","2","4","","0","0","0","0.000","0","0","0","0","0","0","","","","","","0.074","Sun, 22 Oct 2023 04:38:57 GMT","","","","","1.1","","","","","","https://liftout.com/wp-content/uploads/2023/10/Steve-Jobs-and-Woz-Dream-Team.jpg","2025-11-28 11:24:39"
"https://liftout.com/category/liftouts/","text/html; charset=UTF-8","200","OK","Indexable","","Liftouts | LIFTOUT","18","162","","0","0","","0","Liftouts","8","Liftout is for you. Keep your coworkers, find better opportunities.","67","Is LIFTOUT the Right Move for You?","34","","0","follow, index, max-snippet:-1, max-video-preview:-1, max-image-preview:large","","","https://liftout.com/category/liftouts/","","","","","","72288","17788","17788","6.814","","351","80","4.388","69.095","Normal","3.923","2","2","","5","5","0","19.230","29","13","0","3","3","0","","","","","ad156e17eeff6a29f5748bbec5d0bbc6","0.337","","","","","en-US","1.1","","","","","","https://liftout.com/category/liftouts/","2025-11-28 11:24:39"
"https://liftout.com/oklahoma-bans-non-compete-agreements/","text/html; charset=UTF-8","200","OK","Indexable","","Oklahoma Strictly Limits Non-Compete Agreements | LIFTOUT","57","556","Oklahoma law renders most non-compete agreements unenforceable, giving professionals far greater career autonomy and signaling a future with fewer constraints.","159","1020","","0","Oklahoma Strictly Limits Non-Compete Agreements","47","Nick Acimovic","13","Non-Competes Constrain Opportunity","34","The Rules in Oklahoma","21","follow, index, max-snippet:-1, max-video-preview:-1, max-image-preview:large","","","https://liftout.com/oklahoma-bans-non-compete-agreements/","","","","","","82558","20906","20906","8.009","","565","109","5.183","50.791","Fairly Hard","5.488","2","1","","6","2","0","7.690","24","17","0","6","4","0","","","","","a0902fec3bd8853732a4ccbc7943744c","1.596","","","","","en-US","1.1","","","","","","https://liftout.com/oklahoma-bans-non-compete-agreements/","2025-11-28 11:24:38"
"https://liftout.com/wp-content/uploads/breakdance/css/post-3590.css?v=b3fc8ae2d1f63910c4106411593af2e8","text/css","200","OK","Indexable","","","0","0","","0","0","","0","","0","","0","","0","","0","","","","","","","","","","0","0","0","0.000","","0","","","","","0.000","2","4","","0","0","0","0.000","0","0","0","0","0","0","","","","","","0.030","Mon, 27 Jan 2025 01:41:23 GMT","","","","","1.1","","","","","","https://liftout.com/wp-content/uploads/breakdance/css/post-3590.css?v=b3fc8ae2d1f63910c4106411593af2e8","2025-11-28 11:24:40"
"https://liftout.com/wp-content/uploads/2022/09/Nick-Acimovic.png","image/png","200","OK","Indexable","","","0","0","","0","0","","0","","0","","0","","0","","0","","","","","","","","","","74663","74663","74663","28.602","","0","","","","","0.000","2","4","","0","0","0","0.000","0","0","0","0","0","0","","","","","","0.216","Fri, 23 Sep 2022 14:33:48 GMT","","","","","1.1","","","","","","https://liftout.com/wp-content/uploads/2022/09/Nick-Acimovic.png","2025-11-28 11:24:40"
"https://liftout.com/wp-content/uploads/2022/09/AdobeStock_460254727-scaled.jpeg","image/jpeg","200","OK","Indexable","","","0","0","","0","0","","0","","0","","0","","0","","0","","","","","","","","","","213988","213988","213988","81.975","","0","","","","","0.000","3","4","","0","0","0","0.000","0","0","0","0","0","0","","","","","","0.090","Sun, 18 Sep 2022 23:22:09 GMT","","","","","1.1","","","","","","https://liftout.com/wp-content/uploads/2022/09/AdobeStock_460254727-scaled.jpeg","2025-11-28 11:24:41"
"https://liftout.com/states-restrict-noncompete-agreements/","text/html; charset=UTF-8","200","OK","Indexable","","Momentum Builds Against Non-Compete Agreements | LIFTOUT","56","573","With more states blocking or limiting non-compete agreements, a future favors worker empowerment and career self-determination rather than legal limitations.","157","985","","0","Momentum Builds Against Non-Compete Agreements","46","Nick Acimovic","13","Non-Competes Limit Mobility","27","State-Level Reform Gains Steam","30","follow, index, max-snippet:-1, max-video-preview:-1, max-image-preview:large","","","https://liftout.com/states-restrict-noncompete-agreements/","","","","","","82781","20991","20991","8.041","","557","111","5.018","49.553","Hard","5.474","2","1","","36","17","0","65.380","28","19","0","6","4","0","","","","","f7ece6b9b468c1ed926f1ad6778d144a","1.561","","","","","en-US","1.1","","","","","","https://liftout.com/states-restrict-noncompete-agreements/","2025-11-28 11:24:39"
"https://liftout.com/wp-content/uploads/2022/09/AdobeStock_386387073-scaled.jpeg","image/jpeg","200","OK","Indexable","","","0","0","","0","0","","0","","0","","0","","0","","0","","","","","","","","","","270418","270418","270418","103.592","","0","","","","","0.000","3","4","","0","0","0","0.000","0","0","0","0","0","0","","","","","","0.011","Sun, 18 Sep 2022 23:05:51 GMT","","","","","1.1","","","","","","https://liftout.com/wp-content/uploads/2022/09/AdobeStock_386387073-scaled.jpeg","2025-11-28 11:24:41"
"https://liftout.com/wp-content/uploads/2021/01/hero.svg","image/svg+xml","200","OK","Indexable","","","0","0","","0","0","","0","","0","","0","","0","","0","","","","","","","","","","0","0","0","0.000","","0","","","","","0.000","3","4","","0","0","0","0.000","0","0","0","0","0","0","","","","","","0.059","Sun, 18 Sep 2022 04:10:49 GMT","","","","","1.1","","","","","","https://liftout.com/wp-content/uploads/2021/01/hero.svg","2025-11-28 11:24:41"
"https://liftout.com/wp-content/uploads/2022/09/AdobeStock_402091655-scaled.jpeg","image/jpeg","200","OK","Indexable","","","0","0","","0","0","","0","","0","","0","","0","","0","","","","","","","","","","277715","277715","277715","106.387","","0","","","","","0.000","3","4","","0","0","0","0.000","0","0","0","0","0","0","","","","","","0.063","Sun, 18 Sep 2022 23:07:32 GMT","","","","","1.1","","","","","","https://liftout.com/wp-content/uploads/2022/09/AdobeStock_402091655-scaled.jpeg","2025-11-28 11:24:41"
"https://liftout.com/new-york-to-ban-non-compete-agreements/","text/html; charset=UTF-8","200","OK","Indexable","","New York Poised to Ban Non-Compete Agreements Statewide","55","552","With New York poised to prohibit non-compete agreements, the state joins a small but growing list moving to empower career mobility and dynamism.","145","921","","0","New York Poised to Ban Non-Compete Agreements Statewide","55","Nick Acimovic","13","Non-Competes Limit Opportunity","30","Comprehensive Statewide Ban","27","follow, index, max-snippet:-1, max-video-preview:-1, max-image-preview:large","","","https://liftout.com/new-york-to-ban-non-compete-agreements/","","","","","","82449","20896","20896","8.005","","571","108","5.287","57.160","Fairly Hard","5.402","2","1","","36","17","0","65.380","24","17","0","6","4","0","","","","","c5426093d9f2faabf70c998a34a4fe17","1.934","","","","","en-US","1.1","","","","","","https://liftout.com/new-york-to-ban-non-compete-agreements/","2025-11-28 11:24:39"
"https://liftout.com/wp-content/uploads/2023/08/Employment-Contracts-scaled.jpeg","image/jpeg","200","OK","Indexable","","","0","0","","0","0","","0","","0","","0","","0","","0","","","","","","","","","","253209","253209","253209","97.000","","0","","","","","0.000","3","4","","0","0","0","0.000","0","0","0","0","0","0","","","","","","0.076","Thu, 24 Aug 2023 02:53:30 GMT","","","","","1.1","","","","","","https://liftout.com/wp-content/uploads/2023/08/Employment-Contracts-scaled.jpeg","2025-11-28 11:24:41"
"https://liftout.com/steve-jobs-steve-wozniak-apple-teamwork/","text/html; charset=UTF-8","200","OK","Indexable","","Steve & Woz: The Original Dream Team | LIFTOUT","46","445","The story of Steve Jobs and Steve Wozniak, the unlikely duo that sparked a personal computing revolution through complementary skills and constructive conflict.","160","998","","0","Steve & Woz: The Original Dream Team","36","Nick Acimovic","13","Is LIFTOUT the Right Move for You?","34","","0","follow, index, max-snippet:-1, max-video-preview:-1, max-image-preview:large","","","https://liftout.com/steve-jobs-steve-wozniak-apple-teamwork/","","","","","","84014","21291","21291","8.156","","615","115","5.348","55.730","Fairly Hard","5.783","2","1","","36","17","0","65.380","24","17","0","6","4","0","","","","","251350a0d6c79a7617619e656554d0df","1.969","","","","","en-US","1.1","","","","","","https://liftout.com/steve-jobs-steve-wozniak-apple-teamwork/","2025-11-28 11:24:40"
"https://liftout.com/wp-content/uploads/2023/10/Steve-Jobs-and-Woz-Dream-Team-1024x768.jpg","image/jpeg","200","OK","Indexable","","","0","0","","0","0","","0","","0","","0","","0","","0","","","","","","","","","","103919","103919","103919","39.809","","0","","","","","0.000","3","4","","0","0","0","0.000","0","0","0","0","0","0","","","","","","0.011","Sun, 22 Oct 2023 04:38:58 GMT","","","","","1.1","","","","","","https://liftout.com/wp-content/uploads/2023/10/Steve-Jobs-and-Woz-Dream-Team-1024x768.jpg","2025-11-28 11:24:42"
"https://liftout.com/category/teamwork/","text/html; charset=UTF-8","200","OK","Indexable","","Teamwork | LIFTOUT","18","188","","0","0","","0","Teamwork","8","Liftout is for you. Keep your coworkers, find better opportunities.","67","Is LIFTOUT the Right Move for You?","34","","0","follow, index, max-snippet:-1, max-video-preview:-1, max-image-preview:large","","","https://liftout.com/category/teamwork/","","","","","","63753","16819","16819","6.443","","213","56","3.804","81.436","Easy","2.994","3","2","","1","1","0","3.850","17","13","0","3","3","0","","","","","eff5a5dd8d9b3bbcea40ea1e79b229f4","0.275","","","","","en-US","1.1","","","","","","https://liftout.com/category/teamwork/","2025-11-28 11:24:42"
"https://liftout.com/state-penalties-non-compete-violations/","text/html; charset=UTF-8","200","OK","Indexable","","Steep Fines Await Employers Violating Non-Compete Rules","55","526","A growing number of states impose fines or misdemeanor charges on employers who violate non-compete banning or limitation laws, upping the compliance ante.","155","999","","0","Steep Fines Await Employers Violating Non-Compete Rules","55","Nick Acimovic","13","Non-Competes Constrain Careers","30","State-Level Reform with Teeth","29","follow, index, max-snippet:-1, max-video-preview:-1, max-image-preview:large","","","https://liftout.com/state-penalties-non-compete-violations/","","","","","","82575","20915","20915","8.012","","561","114","4.921","50.284","Fairly Hard","5.472","2","1","","36","17","0","65.380","24","17","0","6","4","0","","","","","d9e59246e4a0e54e84328fd16e628c07","2.326","","","","","en-US","1.1","","","","","","https://liftout.com/state-penalties-non-compete-violations/","2025-11-28 11:24:40"
"https://liftout.com/how-to-ethically-resign-as-a-team/","text/html; charset=UTF-8","200","OK","Indexable","","How to Ethically Resign as a Team | LIFTOUT","43","399","Leaving an employer as a team requires care and planning. But employee mobility is simply the new normal. With empathy and professionalism, liftouts allow teams to take the next step together when the time is right.","215","1331","","0","How to Ethically Resign as a Team","33","Nick Acimovic","13","Why Make a Team Move?","21","When is it Time?","16","follow, index, max-snippet:-1, max-video-preview:-1, max-image-preview:large","","","https://liftout.com/how-to-ethically-resign-as-a-team/","","","","","","84090","21772","21772","8.340","","784","144","5.444","61.028","Normal","6.783","3","1","","3","1","0","3.850","24","17","0","7","5","0","","","","","e8744aa825c305e6333ed30c18d00a2e","1.951","","","","","en-US","1.1","","","","","","https://liftout.com/how-to-ethically-resign-as-a-team/","2025-11-28 11:24:41"
